term,definition
a,один; какой-то; неопределённый артикль
abandon,покидать; оставлять; бросать
ability,способность; умение
able,способный; в состоянии
abortion,аборт; прерывание беременности
about,о; около; примерно
above,над; выше
abroad,за границей; заграницей
absence,отсутствие; нехватка
absolute,абсолютный; полный
absolutely,абсолютно; совершенно
abstract,абстрактный; отвлечённый
abuse,злоупотреблять; оскорблять; насилие
academic,академический; учебный
accept,принимать; соглашаться
acceptable,приемлемый; допустимый
access,доступ; подход
accident,авария; несчастный случай
accommodation,жильё; размещение
accompany,сопровождать; идти вместе
accomplish,выполнять; достигать
accord,согласие; соответствие
account,счёт; отчёт; объяснение
accurate,точный; правильный
accuse,обвинять; упрекать
achieve,достигать; добиваться
achievement,достижение; успех
acknowledge,признавать; подтверждать
acquire,приобретать; получать
acquisition,приобретение; получение
across,через; поперёк
act,действовать; поступать; акт
action,действие; поступок
active,активный; деятельный
activity,деятельность; активность
actor,актёр; деятель
actual,фактический; реальный
actually,на самом деле; действительно
ad,реклама; объявление
adapt,адаптировать; приспосабливать
add,добавлять; прибавлять
addition,добавление; прибавление
additional,дополнительный; добавочный
address,адрес; обращаться
adequate,адекватный; достаточный
adjust,регулировать; приспосабливать
adjustment,регулировка; корректировка
administration,администрация; управление
admire,восхищаться; любоваться
admit,признавать; допускать
adopt,принимать; усыновлять
adult,взрослый; совершеннолетний
advance,продвигаться; продвижение
advantage,преимущество; выгода
adventure,приключение; авантюра
advertise,рекламировать; объявлять
advertisement,реклама; объявление
advice,совет; рекомендация
advise,советовать; рекомендовать
adviser,советник; консультант
advocate,защитник; сторонник; поддерживать
affair,дело; событие; роман
affect,влиять; затрагивать
afford,позволять себе
afraid,бояться; испуганный
after,после; спустя
afternoon,после полудня; день
again,снова; опять
against,против; у
age,возраст; эпоха
agency,агентство; представительство
agenda,повестка дня; план
agent,агент; представитель
aggressive,агрессивный; напористый
ago,назад; тому назад
agree,соглашаться; договариваться
agreement,соглашение; договор
agricultural,сельскохозяйственный
ahead,впереди; заранее
aid,помощь; поддержка
aim,цель; стремиться
air,воздух; атмосфера
aircraft,самолёт; воздушное судно
airline,авиакомпания
alarm,тревога; сигнализация
album,альбом; сборник
alcohol,алкоголь; спирт
alive,живой; в живых
all,все; весь
allege,утверждать; заявлять
allow,позволять; разрешать
ally,союзник; объединять
almost,почти; практически
alone,один; в одиночестве
along,вдоль; вместе
alongside,рядом; бок о бок
already,уже; ранее
alright,в порядке; хорошо
also,также; тоже
alter,изменять; менять
alternative,альтернатива; вариант
although,хотя; несмотря на то что
altogether,в целом; полностью; совсем
always,всегда
amaze,удивлять; поражать
amendment,поправка; изменение
among,среди; между
amount,количество; сумма
analysis,анализ
analyst,аналитик
analyze,анализировать
ancient,древний; старинный
and,и
anger,гнев; злость
angle,угол; точка зрения
angry,злой; сердитый
animal,животное
announce,объявлять; сообщать
announcement,объявление; сообщение
annual,ежегодный
another,еще один; другой
answer,ответ; отвечать
anticipate,ожидать; предвидеть
anxiety,тревога; беспокойство
anxious,озабоченный; тревожный
any,любой; какой-либо
anybody,кто-нибудь; кто-либо
anymore,больше не; уже не
anyone,кто-нибудь; кто-либо
anything,что-нибудь; что-либо
anyway,в любом случае; все равно
anywhere,где-нибудь; куда-нибудь
apart,отдельно; в стороне
apartment,квартира
apologize,извиняться
apparent,очевидный; явный
apparently,по-видимому; очевидно
appeal,привлекать; обращение; призыв
appear,появляться; казаться
appearance,внешность; появление
application,заявление; применение
apply,применять; подавать заявление
appoint,назначать
appointment,назначение; встреча
appreciate,ценить; благодарить
approach,подход; приближаться
appropriate,подходящий; соответствующий
approval,одобрение
approve,одобрять; утверждать
approximately,примерно; около
architecture,архитектура
area,область; район
argue,спорить; доказывать
argument,спор; аргумент
arise,возникать; появляться
arm,рука; вооружать
army,армия
around,вокруг; около
arrange,организовывать; устраивать
arrangement,договоренность; расположение
arrest,арестовывать; задержание
arrival,прибытие
arrive,прибывать
art,искусство
article,статья; предмет
artist,художник; артист
as,как; в качестве
ashamed,стыдящийся; пристыженный
aside,в сторону; отдельно
ask,спрашивать; просить
assess,оценивать
assessment,оценка
asset,актив; ценное качество
assign,назначать; поручать
assist,помогать; содействовать
assistance,помощь; содействие
assistant,ассистент; помощник
associate,ассоциировать; коллега
association,ассоциация; объединение
assume,предполагать; принимать
assumption,предположение
assure,уверять; гарантировать
at,в; на
athlete,спортсмен
atmosphere,атмосфера; обстановка
attach,прикреплять; присоединять
attachment,прикрепление; вложение
attack,атаковать; нападение
attempt,попытка; пытаться
attend,посещать; присутствовать
attendance,посещаемость; присутствие
attention,внимание
attitude,отношение; позиция
attract,привлекать
attraction,привлекательность; достопримечательность
attractive,привлекательный
attribute,приписывать; качество
audience,аудитория; зрители
aunt,тётя
author,автор; писатель
automatically,автоматически
autumn,осень
available,доступный; имеющийся
average,средний
avoid,избегать
award,награда; присуждать
aware,осведомлённый; знающий
awareness,осознание; осведомлённость
away,прочь; вдали
awful,ужасный; отвратительный
baby,младенец; ребёнок
back,назад; спина
background,фон; происхождение
bad,плохой
badly,плохо
bag,сумка; мешок
balance,баланс; равновесие
ball,мяч
ban,запрет; запрещать
band,группа; лента
bank,банк; берег
bar,бар; плитка
barely,едва; почти не
barrier,барьер; преграда
base,основа; база
basic,основной; базовый
basically,в основном; по сути
basis,основа; база
bath,ванна; купание
battle,битва; сражение
be,быть
beach,пляж
bear,медведь; терпеть
beat,бить; побеждать
beautiful,красивый
beauty,красота
because,потому что
become,становиться
bed,кровать
bedroom,спальня
beer,пиво
before,до; перед
begin,начинать
behave,вести себя
behavior,поведение
behind,за; позади
belief,вера; убеждение
believe,верить
bell,колокол; звонок
belong,принадлежать
below,ниже; под
belt,ремень; пояс
bend,гнуть; изгиб
beneath,под; ниже
benefit,выгода; польза
beside,рядом с
besides,кроме того; помимо
bet,ставка; держать пари
between,между
beyond,за; вне
bias,предвзятость; склонность
bid,предложение; торговаться
big,большой
bike,велосипед; мотоцикл
bill,счёт; законопроект
bin,корзина; контейнер
bind,связывать; связывать обязательствами
biological,биологический
bird,птица
birth,рождение
bit,кусок; немного
bite,кусать; укус
black,чёрный
blame,винить; обвинять
bless,благословлять
blind,слепой
block,блок; квартал
blog,блог
blood,кровь
bloody,кровавый
blow,дуть; удар
blue,синий
board,доска; борт
boat,лодка; корабль
body,тело
bomb,бомба
bond,связь; облигация
bone,кость
book,книга; бронировать
boom,бум; резкий рост
boost,повышать; увеличивать
boot,ботинок; загружать
border,граница
bore,скука; надоедать
borrow,брать взаймы
boss,босс; начальник
both,оба
bother,беспокоить; надоедать
bottle,бутылка
bottom,дно; низ
boundary,граница; предел
bowl,миска; чаша
box,коробка; ящик
boy,мальчик; парень
brain,мозг; ум
branch,ветка; филиал
brand,бренд; марка
bread,хлеб
break,перерыв; ломать; пауза
breakfast,завтрак
breast,грудь; грудная клетка
breath,дыхание; вздох
breathe,дышать
breed,порода; разводить (животных)
bridge,мост
brief,краткий; короткий
briefly,кратко; вкратце
bright,яркий; умный
brilliant,блестящий; выдающийся
bring,приносить; приводить
broad,широкий
broadcast,транслировать; передавать
brother,брат
brown,коричневый
brush,щетка; чистить
budget,бюджет
build,строить; создавать
bunch,группа; связка
burden,бремя; нагрузка
burn,гореть; жечь
burst,взрываться; лопаться
bury,хоронить; зарывать
bus,автобус
business,бизнес; дело
busy,занятой
but,но; кроме
button,кнопка; пуговица
buy,покупать
buyer,покупатель
by,у; около; с помощью
cable,кабель; трос
cake,торт; пирог
calculate,вычислять; считать
call,звать; звонить; вызов
calm,спокойный; успокаивать
camera,камера; фотоаппарат
camp,лагерь; разбивать лагерь
campaign,кампания; акция
can,мочь; банка
cancel,отменять
cancer,рак
candidate,кандидат
cap,кепка; крышка
capability,способность; возможность
capable,способный
capacity,вместимость; способность
capital,столица; капитал
capture,захватывать; пленять
car,машина; автомобиль
carbon,углерод
card,карта; карточка
care,забота; заботиться
career,карьера
careful,осторожный
carefully,внимательно; осторожно
carpet,ковер
carry,нести; перевозить
case,случай; дело; чехол
cash,наличные
cast,бросать; актерский состав
castle,замок
cat,кот; кошка
catalog,каталог
catch,ловить; поймать
category,категория; разряд
cause,причина; вызывать
celebrate,праздновать
celebration,праздник; торжество
cell,клетка; ячейка
cent,цент
center,центр
central,центральный
century,век; столетие
ceremony,церемония
certain,определённый; уверенный
certainly,конечно; безусловно
chain,цепь; сеть
chair,стул
chairman,председатель
challenge,вызов; сложная задача
chamber,камера; зал
champion,чемпион
championship,чемпионат
chance,шанс; возможность
change,менять; изменение; сдача
channel,канал
chapter,глава; раздел
character,характер; персонаж
characteristic,характеристика; особенность
characterize,характеризовать
charge,заряд; плата; обвинять
charity,благотворительность; милосердие
charm,очарование; обаяние; амулет
chart,график; диаграмма; таблица
chase,гнаться; преследовать; погоня
chat,болтать; беседа; чат
cheap,дешёвый; недорогой
check,проверять; счёт; контроль
cheek,щека
cheese,сыр
chemical,химический; химикат
chest,грудь; сундук
chicken,курица; цыплёнок
chief,главный; начальник
child,ребёнок; дитя
childhood,детство
chip,чип; осколок; картофель фри
chocolate,шоколад
choice,выбор; отбор
choose,выбирать
church,церковь
cigarette,сигарета
circle,круг; окружность
circumstance,обстоятельство; ситуация
cite,цитировать; ссылаться
citizen,гражданин
city,город
civil,гражданский; цивильный
civilian,гражданский (невоенный)
claim,заявлять; требовать; претензия
class,класс; урок; категория
classic,классический; классика
classical,классический (музыка; искусство)
clause,пункт; статья (документа)
clean,чистый; чистить
clear,ясный; чистый; понятный
clearly,ясно; явно
click,щелкать; клик
climate,климат
climb,лазить; подниматься
clinical,клинический; медицинский
clock,часы
close,близкий; закрывать; близко
closely,тесно; внимательно
clothes,одежда
clothing,одежда
cloud,облако
club,клуб; дубинка
cluster,группа; скопление
coach,тренер; автобус
coal,уголь
coast,берег; побережье
coat,пальто; покрывать
code,код; шифр
coffee,кофе
coin,монета; чеканить
cold,холодный; простуда
collapse,рухнуть; обвал; крах
colleague,коллега
collect,собирать; коллекционировать
collection,коллекция; сбор
college,колледж; институт
color,цвет
column,колонка; столбец
combination,сочетание; комбинация
combine,соединять; сочетать
come,приходить; приезжать
comedy,комедия
comfort,комфорт; утешать
comfortable,удобный; комфортный
command,команда; управлять
comment,комментарий; комментировать
commercial,рекламный; коммерческий
commission,комиссия; поручение
commit,совершать; поручать
commitment,обязательство; приверженность
committee,комитет
common,общий; распространённый
communicate,общаться; передавать
communication,общение; связь
community,сообщество; община
company,компания; компания (люди)
compare,сравнивать
comparison,сравнение
compensation,компенсация; возмещение
compete,соревноваться; конкурировать
competition,конкурс; соревнование
competitive,конкурентоспособный; соревновательный
competitor,конкурент; соперник
complain,жаловаться
complaint,жалоба
complete,завершать; полный
completely,полностью; совершенно
complex,сложный; комплекс
complexity,сложность
complicate,усложнять
component,компонент; составная часть
compose,сочинять; составлять
composition,сочинение; состав
compound,соединение; составной; усложнять
comprehensive,всесторонний; комплексный; полный
comprise,включать; состоять из
compromise,компромисс; идти на уступки
compute,вычислять; считать
computer,компьютер; компьютерный
concentrate,концентрироваться; сосредотачиваться
concentration,концентрация; сосредоточенность
concept,понятие; концепция; идея
concern,беспокойство; забота; касаться
concert,концерт
conclude,заключать; делать вывод
conclusion,вывод; заключение
concrete,бетон; конкретный
condition,условие; состояние
conduct,проводить; вести
conference,конференция; совещание
confidence,уверенность; доверие
confident,уверенный
confirm,подтверждать
conflict,конфликт; противоречие
confuse,путать; сбивать с толку
confusion,путаница; замешательство
connect,соединять; связывать
connection,связь; соединение
consequence,последствие; результат
consequently,следовательно; поэтому
conservative,консервативный; осторожный
consider,рассматривать; считать; обдумывать
considerable,значительный; существенный
consideration,рассмотрение; внимание
consist,состоять из
consistent,последовательный; согласующийся
constant,постоянный; неизменный
constantly,постоянно; непрерывно
constitute,составлять; образовывать
constraint,ограничение; принуждение
construct,строить; создавать
construction,строительство
consult,консультироваться; советоваться
consultant,консультант; советник
consume,потреблять; расходовать
consumer,потребитель
contact,контакт; связь
contain,содержать
contemporary,современный; современник
content,содержание; довольный
contest,соревнование; конкурс
context,контекст; ситуация
continue,продолжать
continuous,непрерывный; постоянный
contract,контракт; сокращать(ся)
contrast,контраст; противопоставлять
contribute,вносить вклад; способствовать
contribution,вклад; пожертвование
control,контроль; управлять
controversial,спорный; противоречивый
convention,конвенция; собрание; обычай
conventional,традиционный; обычный
conversation,разговор
convert,преобразовывать; превращать
convince,убеждать
cook,готовить; повар
cool,прохладный; классный
cooperation,сотрудничество
cope,справляться
copy,копия; копировать
core,ядро; суть
corner,угол
corporate,корпоративный; корпоративный
corporation,корпорация; компания
correct,правильный; исправлять
correspond,соответствовать; переписываться
cost,стоимость; стоить
cough,кашель; кашлять
could,мог; мог бы
council,совет; советник
counsel,совет; консультировать
count,считать; подсчитывать
counter,прилавок; счетчик; противостоять
country,страна; сельская местность
county,графство; округ
couple,пара; несколько
course,курс; направление
court,суд; двор
cousin,двоюродный брат/сестра
cover,покрывать; покрытие
coverage,освещение; покрытие
cow,корова
crack,трещина; трескаться
craft,ремесло; мастерство
crash,авария; разбиваться
crazy,сумасшедший; безумный
cream,крем; сливки
create,создавать
creation,создание; творение
creative,творческий
creature,существо; создание
credit,кредит; доверие
crew,экипаж; команда
crime,преступление
criminal,преступник; уголовный
crisis,кризис; переломный момент
criteria,критерии; показатели
critic,критик; рецензент
critical,критический; решающий; важный
criticism,критика; замечания
criticize,критиковать; осуждать
crop,урожай; посев
cross,пересекать; крест; переходить
crowd,толпа; множество
crucial,решающий; ключевой
cry,плакать; крик
cultural,культурный
culture,культура; воспитание
cup,чашка; кубок
curious,любопытный; странный
currency,валюта; денежная единица
current,текущий; современный; поток
currently,в настоящее время; сейчас
curtain,занавеска; штора
curve,кривая; изгиб
custom,обычай; традиция; заказ
customer,клиент; покупатель
cut,резать; порез; сокращать
cycle,цикл; круг; ездить на велосипеде
dad,папа; отец
daily,ежедневный; ежедневно
damage,повреждение; ущерб; вред
damn,чёрт; проклятие; чертов
dance,танцевать; танец
danger,опасность; риск
dangerous,опасный; рискованный
dare,осмеливаться; сметь
dark,тёмный; мрачный
darkness,темнота; мрак
data,данные; информация
database,база данных
date,дата; свидание; финик
daughter,дочь
day,день
dead,мертвый; безжизненный
deal,сделка; иметь дело; распределять
dealer,продавец; дилер
dear,дорогой; милый
death,смерть
debate,дебаты; обсуждение
debt,долг; задолженность
decade,десятилетие
decide,решать; принимать решение
decision,решение; постановление
declare,заявлять; объявлять
decline,снижение; уменьшаться; отклонять
decrease,уменьшать(ся); снижение
dedicate,посвящать; предназначать
deep,глубокий; сильный
deeply,глубоко; сильно
defeat,поражение; побеждать
defend,защищать; оборонять
defense,защита; оборона
deficit,дефицит; нехватка
define,определять; давать определение
definitely,определённо; точно
definition,определение; значение
degree,степень; уровень; градус
delay,задержка; откладывать
delight,удовольствие; восхищение
deliver,доставлять; вручать
delivery,доставка; поставка
demand,спрос; требовать
democracy,демократия
democratic,демократический
demonstrate,демонстрировать; показывать
demonstration,демонстрация; показ
density,плотность; густота
deny,отрицать; отказывать
department,отдел; департамент
depend,зависеть; рассчитывать
dependent,зависимый; иждивенец
deposit,вклад; депозит; класть
depress,угнетать; подавлять
depression,депрессия; спад
depth,глубина; глубокомыслие
derive,происходить; извлекать
describe,описывать; характеризовать
description,описание; характеристика
desert,пустыня; покидать
deserve,заслуживать
design,дизайн; проектировать
designer,дизайнер; конструктор
desire,желание; хотеть
desk,письменный стол; рабочее место
despite,несмотря на
destroy,разрушать; уничтожать
destruction,разрушение; уничтожение
detail,деталь; подробность
detect,обнаруживать; выявлять
determination,решимость; определение
determine,определять; решать
develop,развивать; разрабатывать
development,развитие; разработка
device,устройство; прибор; аппарат
devote,посвящать; уделять
dialog,диалог; разговор
die,умирать; погибать
diet,диета; питание
differ,отличаться; различаться
difference,разница; отличие
different,разный; другой
differently,по-разному; иначе
difficult,трудный; сложный
difficulty,трудность; затруднение
dig,копать; рыть
digital,цифровой; электронный
dimension,размер; измерение
dinner,ужин; обед
direct,прямой; направлять
direction,направление; указание
directly,прямо; непосредственно
director,директор; режиссёр
dirty,грязный; нечистый
disagree,не соглашаться; расходиться во мнениях
disappear,исчезать; пропадать
disappoint,разочаровывать
disaster,катастрофа; бедствие
discipline,дисциплина; порядок
discount,скидка; уменьшать цену
discover,обнаруживать; открывать
discovery,открытие; обнаружение
discuss,обсуждать; говорить о
discussion,обсуждение; дискуссия
disease,болезнь; заболевание
dish,блюдо; тарелка
disk,диск; пластинка
dismiss,увольнять; отклонять
disorder,расстройство; беспорядок
display,показывать; выставлять
dispute,спор; разногласие
distance,расстояние; дистанция
distant,далёкий; отдалённый
distinct,отчётливый; ясный
distinction,различие; отличие
distinguish,различать; отличать
distribute,распределять; раздавать
district,район; округ
disturb,беспокоить; мешать
diversity,разнообразие; многообразие
divide,делить; разделять
division,деление; отдел
divorce,развод; расторжение брака
do,делать; выполнять
doctor,врач; доктор
document,документ; письменный источник
dog,собака
dollar,доллар
domestic,внутренний; домашний
dominate,доминировать; преобладать
door,дверь
double,двойной; удваивать
doubt,сомнение; сомневаться
down,вниз; вниз по
dozen,дюжина
draft,черновик; набросок
drag,тянуть; тащить
drama,драма; спектакль
dramatic,драматический; эффектный
dramatically,резко; значительно
draw,рисовать; тянуть
dream,мечта; сон
dress,одеваться; платье
drink,пить; напиток
drive,водить; ехать
driver,водитель; шофёр
drop,падать; капля
drug,лекарство; наркотик
dry,сухой; сушить
due,ожидаемый; должный
during,во время; в течение
dust,пыль; посыпать
duty,обязанность; долг
each,каждый
ear,ухо
early,рано; ранний
earn,зарабатывать; получать
earth,земля; почва
ease,легкость; облегчать
easily,легко; без труда
east,восток
eastern,восточный
easy,лёгкий; простой
eat,есть; кушать
economic,экономический
economy,экономика; хозяйство
edge,край; грань
edit,редактировать; править
edition,издание; выпуск
editor,редактор
educate,обучать; воспитывать
education,образование; воспитание
educational,образовательный; учебный
effect,эффект; результат
effective,эффективный; действенный
effectively,эффективно; действенно
efficiency,эффективность; производительность
efficient,эффективный; рациональный
effort,усилие; попытка
egg,яйцо
either,любой; либо; один из двух
elderly,пожилой; старший
elect,избирать; выбирать
election,выборы
electric,электрический
electricity,электричество
electronic,электронный
element,элемент; составная часть
eliminate,устранять; исключать
else,еще; другой
elsewhere,где-то еще; в другом месте
email,электронная почта; имейл
embarrass,смущать; стеснять
embrace,обнимать; принимать
emerge,появляться; возникать
emergency,чрезвычайная ситуация; экстренный случай
emotion,эмоция; чувство
emotional,эмоциональный
emphasis,акцент; особое внимание
emphasize,подчеркивать; акцентировать
empire,империя
employ,нанимать; использовать
employee,сотрудник; работник
employer,работодатель
employment,занятость; трудоустройство
empty,пустой; свободный
enable,позволять; давать возможность
encounter,встречать; сталкиваться
encourage,поощрять; поддерживать
end,конец; заканчивать
enemy,враг
energy,энергия; сила
engage,занимать; привлекать
engine,двигатель; мотор
engineer,инженер
enhance,улучшать; усиливать
enjoy,наслаждаться; получать удовольствие
enormous,огромный; гигантский
enough,достаточно
ensure,обеспечивать; гарантировать
enter,входить; поступать
enterprise,предприятие; компания
entertain,развлекать
entertainment,развлечение
entire,целый; весь
entirely,полностью; совершенно
entitle,давать право; озаглавливать
entrance,вход; вступление
entry,вход; запись
envelope,конверт
environment,окружающая среда; окружение
environmental,экологический
episode,эпизод; случай
equal,равный; одинаковый
equally,в равной степени; одинаково
equation,уравнение
equipment,оборудование; снаряжение
equivalent,эквивалент; равнозначный
era,эра; эпоха
error,ошибка; погрешность
escape,убегать; избегать
especially,особенно; в особенности
essay,эссе; сочинение
essential,существенный; необходимый
establish,устанавливать; основывать
establishment,учреждение; организация
estate,имущество; поместье
estimate,оценивать; приблизительная оценка
ethnic,этнический
evaluate,оценивать
evaluation,оценка
even,даже; ровный
evening,вечер
event,событие; мероприятие
eventually,в конце концов; в итоге
ever,когда-либо; всегда
every,каждый
everybody,все; каждый
everyday,ежедневный; повседневный
everyone,все; каждый
everything,всё
everywhere,везде
evidence,доказательство; свидетельство
evil,зло; злой
evolution,эволюция; развитие
evolve,развиваться; эволюционировать
exact,точный; именно
exactly,точно; именно
exam,экзамен
examination,осмотр; экзамен
examine,осматривать; исследовать
example,пример
exceed,превышать; превосходить
excellent,отличный; превосходный
except,кроме; за исключением
exception,исключение
excess,избыток; чрезмерность
exchange,обмен; менять
excite,возбуждать; волновать
excitement,волнение; возбуждение
exclude,исключать; не допускать
excuse,извинение; оправдание; извинять
executive,руководитель; исполнительный
exercise,упражнение; тренировка; заниматься
exhaust,истощать; выхлоп; утомлять
exhibit,выставлять; экспонат
exhibition,выставка
exist,существовать
existence,существование; жизнь
expand,расширять(ся); увеличивать(ся)
expansion,расширение; рост
expect,ожидать
expectation,ожидание
expenditure,расходы; затраты
expense,расход; затрата
expensive,дорогой
experience,опыт; испытывать
experiment,эксперимент; экспериментировать
experimental,экспериментальный
expert,эксперт; специалист
explain,объяснять
explanation,объяснение
explore,исследовать; изучать
export,экспорт; экспортировать
expose,подвергать; раскрывать
exposure,подвергание; экспозиция
express,выражать; экспресс
expression,выражение
extend,расширять; продлевать
extension,расширение; продление
extensive,обширный; широкий
extent,степень; масштаб
external,внешний
extra,дополнительный; лишний
extract,извлекать; вытягивать; экстракт
extraordinary,необычный; выдающийся
extreme,крайний; экстремальный
extremely,чрезвычайно; очень
eye,глаз
face,лицо; сталкиваться
facility,объект; сооружение; удобство
fact,факт
factor,фактор; причина
factory,фабрика; завод
fade,увядать; блекнуть
fail,терпеть неудачу; провалиться
failure,неудача; провал
fair,справедливый; ярмарка
fairly,довольно; справедливо
faith,вера; доверие
faithfully,верно; преданно
fall,падать; осень
false,ложный; неверный
familiar,знакомый; привычный
family,семья
famous,знаменитый; известный
fan,вентилятор; поклонник
fancy,фантазия; причудливый; нравиться
fantastic,фантастический; отличный
far,далеко
farm,ферма; хозяйство
farmer,фермер; крестьянин
fascinate,очаровывать; увлекать
fashion,мода; стиль
fast,быстрый; быстро
fat,жир; толстый
father,отец
fault,вина; ошибка
favor,одолжение; благосклонность
favorite,любимый
fear,страх; бояться
feature,особенность; черта
federal,федеральный
fee,плата; взнос
feed,кормить; корм
feel,чувствовать
fellow,товарищ; парень
female,женский; женщина
fence,забор; ограда
festival,фестиваль; праздник
few,немного; несколько
fiction,художественная литература; вымысел
field,поле; область
fight,борьба; сражаться
figure,цифра; фигура; считать
file,файл; папка; подшивать
fill,заполнять; наполнять
film,фильм; пленка
filter,фильтр; фильтровать
final,финальный; последний
finally,наконец; в конце концов
finance,финансы; финансировать
financial,финансовый
find,находить; считать
fine,хороший; прекрасный; отличный
finger,палец
finish,заканчивать; завершать; финиш
fire,огонь; пожар; увольнять
firm,фирма; твердый; крепкий
firmly,крепко; твердо; решительно
first,первый
firstly,во-первых
fish,рыба; ловить рыбу
fit,подходить; соответствовать; в хорошей форме
fix,чинить; исправлять; закреплять
flag,флаг
flash,вспышка; мелькать; светить
flat,квартира; плоский; ровный
flexible,гибкий; податливый
flight,полет; рейс; бегство
float,плавать; поплавок; плыть
flood,наводнение; потоп; затоплять
floor,пол; этаж
flow,течь; поток
flower,цветок
fly,летать; муха
focus,фокус; сосредотачиваться
fold,складывать; сгибать; складка
folk,народ; люди
follow,следовать; идти за
food,еда; пища
fool,дурак; глупец; обманывать
foot,нога; ступня
football,футбол
for,для; за; ради
force,сила; принуждать
forecast,прогноз; предсказывать
foreign,иностранный; зарубежный
forest,лес
forever,навсегда
forget,забывать
form,форма; образовывать; формировать
formal,официальный; формальный
format,формат
formation,образование; формирование
former,бывший; прежний
formula,формула
forth,вперед; далее
fortunate,счастливый; удачливый
fortune,удача; состояние; судьба
forward,вперед; пересылать
found,основывать; учреждать
foundation,фонд; основание
fragment,фрагмент; кусок
frame,рама; каркас; структура
framework,каркас; структура; основа
free,свободный; бесплатный
freedom,свобода
freeze,замерзать; замораживать
frequency,частота
frequent,частый
frequently,часто
fresh,свежий; новый
friend,друг
friendly,дружелюбный; дружеский
friendship,дружба
frighten,пугать; страшить
from,от; из
front,перед; фасад
fruit,фрукт
fuel,топливо
fulfill,выполнять; исполнять
full,полный
fully,полностью
fun,веселье; забава
function,функция; функционировать
functional,функциональный
fund,фонд; финансировать
fundamental,основной; фундаментальный
funny,смешной; забавный
furniture,мебель
further,дальше; далекий
furthermore,кроме того; более того
future,будущее
gain,получать; приобретать; выгода
gallery,галерея; выставка
game,игра; охота
gap,пробел; разрыв; щель
garden,сад; огород
gas,газ; бензин
gate,ворота
gather,собирать; собираться
gay,гей; веселый
gaze,пристально смотреть; взгляд
gear,передача; снаряжение
gender,пол
gene,ген
general,общий; генерал
generally,обычно; в целом
generate,производить; создавать
generation,поколение
genetic,генетический
gentle,нежный; мягкий
gentleman,джентльмен; господин
gently,нежно; мягко
genuine,подлинный; настоящий; искренний
gesture,жест; движение
get,получать; становиться; добираться
giant,гигант; гигантский
gift,подарок; дар
girl,девочка; девушка
give,давать; дарить
glad,рад; довольный
glance,взгляд; беглый взгляд
glass,стекло; стакан
global,глобальный; мировой
go,идти; ехать; становиться
goal,цель; гол
god,бог
gold,золото
golden,золотой
golf,гольф
good,хороший; добрый
govern,управлять; руководить
government,правительство
governor,губернатор
grab,схватить; захватить
grade,оценка; класс
gradually,постепенно
graduate,выпускник; заканчивать учебу
grain,зерно; крупинка
grammar,грамматика
grand,величественный; большой
grandmother,бабушка
grant,грант; предоставлять
grass,трава
grateful,благодарный
gray,серый
great,великий; отличный
greatly,значительно; очень
green,зелёный
greet,приветствовать
grin,ухмылка; улыбка
ground,земля; почва
group,группа
grow,расти; выращивать
growth,рост; развитие
guarantee,гарантия; гарантировать
guard,охрана; охранять
guess,угадывать; предполагать
guest,гость
guide,гид; руководить
guideline,руководство; инструкция
guilty,виновный
guitar,гитара
gun,оружие; пистолет
guy,парень; человек
habit,привычка
hair,волосы
half,половина
hall,зал; коридор
hand,рука; передавать
handle,рукоятка; справляться
hang,вешать; висеть
happen,случаться
happiness,счастье
happy,счастливый
harbor,гавань; порт
hard,трудный; твёрдый
hardly,едва; почти не
harm,вред; причинять вред
hat,шляпа; шапка
hate,ненавидеть
have,иметь
he,он
head,голова; руководить
health,здоровье
healthy,здоровый
hear,слышать
heart,сердце
heat,жара; нагревать
heavily,сильно; тяжело
heavy,тяжёлый
height,высота
hell,ад
hello,привет
help,помощь; помогать
helpful,полезный
hence,следовательно; отсюда
here,здесь
hero,герой
herself,сама
hesitate,колебаться
hi,привет
hide,прятать; кожа
high,высокий
highlight,выделять; основной момент
highly,высоко; очень
hill,холм
himself,сам
hint,намёк
hire,нанимать
historian,историк
historic,исторический
historical,исторический
history,история
hit,ударять; попадать; бить
hold,держать; проводить (мероприятие)
holder,держатель; владелец
hole,дыра; отверстие
holiday,отпуск; праздник
home,дом; домой
honest,честный; искренний
honor,честь; почет
hook,крюк; крючок
hope,надеяться; надежда
hopefully,с надеждой; будем надеяться
horrible,ужасный; отвратительный
horse,лошадь
hospital,больница
host,хозяин; ведущий
hot,горячий; острый
hotel,отель; гостиница
hour,час
house,дом; жилище
household,домашнее хозяйство; семья
how,как
however,однако; тем не менее
huge,огромный; гигантский
human,человеческий; человек
humor,юмор; чувство юмора
hunger,голод
hunt,охотиться; охота
hurry,спешить; торопиться
hurt,ранить; причинять боль
husband,муж
hypothesis,гипотеза
I,я
ice,лед
idea,идея; мысль
ideal,идеальный; идеал
identify,опознавать; идентифицировать
identity,личность; идентичность
if,если
ignore,игнорировать; не обращать внимания
ill,больной; нездоровый
illegal,незаконный; нелегальный
illness,болезнь; недуг
illustrate,иллюстрировать; пояснять
illustration,иллюстрация; пример
image,образ; изображение
imagination,воображение
imagine,представлять; воображать
immediate,немедленный; непосредственный
immediately,немедленно; сразу
immigrant,иммигрант
immigration,иммиграция
implement,внедрять; осуществлять
implementation,внедрение; реализация
implication,последствие; подтекст
imply,подразумевать; означать
import,импортировать; импорт
importance,важность; значение
important,важный; значительный
impose,навязывать; налагать
impossible,невозможный
impress,впечатлять
impression,впечатление
impressive,впечатляющий
improve,улучшать
improvement,улучшение
in,в; внутри
incentive,стимул; побуждение
inch,дюйм
incident,случай; инцидент
include,включать
income,доход
incorporate,включать; объединять
increase,увеличивать; рост
increasingly,все больше; все более
indeed,действительно; в самом деле
independence,независимость
independent,независимый
index,индекс; указатель
indicate,указывать; показывать
indication,признак; указание
individual,индивидуальный; человек
industrial,промышленный
industry,промышленность; отрасль
infant,младенец; ребенок
infection,инфекция
inflation,инфляция
influence,влиять; влияние
inform,информировать; сообщать
information,информация
initial,первоначальный; начальный
initially,первоначально; изначально
initiative,инициатива
injure,ранить; повредить
injury,травма; повреждение
inner,внутренний
innocent,невинный; безобидный
innovation,инновация; новшество
input,ввод; вклад
inquiry,запрос; расследование; вопрос
inside,внутри; внутри помещения
insight,понимание; проницательность
insist,настаивать; утверждать
inspire,вдохновлять; побуждать
install,устанавливать; монтировать
instance,пример; случай
instead,вместо; взамен
institution,учреждение; институт
institutional,институциональный; организационный
instruction,инструкция; указание
instrument,инструмент; прибор
insurance,страхование
insure,страховать; обеспечивать
integrate,интегрировать; объединять
intellectual,интеллектуальный; умственный
intelligence,интеллект; разведка
intend,намереваться; планировать
intense,интенсивный; сильный
intention,намерение; цель
interaction,взаимодействие; общение
interest,интерес; выгода
interior,внутренний; интерьер
internal,внутренний
international,международный
interpret,интерпретировать; объяснять
interpretation,толкование; объяснение
intervention,вмешательство
interview,интервью; собеседование
into,в; внутрь
introduce,представлять; вводить
introduction,введение; знакомство
invent,изобретать; придумывать
invest,инвестировать; вкладывать
investigate,расследовать; исследовать
investigation,расследование; исследование
investment,инвестиция; вложение
investor,инвестор
invitation,приглашение
invite,приглашать
involve,вовлекать; включать
involvement,участие; вовлечённость
iron,утюг; железо
island,остров
isolate,изолировать; отделять
issue,вопрос; проблема; выпуск
it,оно; это
item,предмет; пункт
itself,само; себя
jacket,куртка; пиджак
jail,тюрьма; заключение
job,работа; должность
join,присоединяться; соединять
joint,совместный; сустав
joke,шутка; анекдот
journal,журнал; дневник
journalist,журналист
journey,путешествие; поездка
joy,радость; удовольствие
judge,судья; оценивать
judgment,суждение; решение
jump,прыгать; скачок
jury,жюри; присяжные
just,только; справедливый
justice,справедливость; правосудие
justify,оправдывать; обосновывать
keen,острый; увлечённый
keep,держать; сохранять
key,ключ; основной
kick,пинать; удар ногой
kid,ребёнок; шутить
kill,убивать; уничтожать
kind,вид; добрый
king,король
kiss,поцелуй; целовать
kitchen,кухня
knee,колено
knife,нож
knock,стучать; ударять
know,знать; узнавать
knowledge,знание; осведомлённость
label,этикетка; ярлык
labor,труд; работа
laboratory,лаборатория
lack,недостаток; отсутствие
lady,леди; женщина
lake,озеро
land,земля; приземляться
landscape,пейзаж; ландшафт
language,язык
large,большой; крупный
largely,в основном; главным образом
last,последний; длиться
late,поздний; опоздавший
latter,последний; второй
laugh,смеяться; смех
laughter,смех
launch,запускать; начинать
law,закон
lawyer,юрист; адвокат
lay,класть; положить; накрывать
layer,слой; пласт
lazy,ленивый; праздный
lead,вести; руководить; приводить
leader,лидер; руководитель
leadership,руководство; лидерство
league,лига; союз
lean,наклоняться; худой; опираться
leap,прыжок; прыгать
learn,учить; изучать; узнавать
least,минимум; наименее
leather,кожа; кожаный
leave,оставлять; уходить; отпуск
lecture,лекция; читать лекцию
left,левый; покинул (прошедшее от leave)
leg,нога; ножка
legal,законный; юридический
legislation,законодательство; законы
lend,одалживать; давать взаймы
length,длина; продолжительность
less,меньше; менее
lesson,урок; занятие
let,позволять; сдавать в аренду
letter,буква; письмо
level,уровень; уровень; ровный
liability,ответственность; обязательство
liberal,либеральный; свободомыслящий
library,библиотека
license,лицензия; разрешение
lie,лежать; лгать
life,жизнь
lift,поднимать; лифт
light,свет; легкий; освещать
like,нравиться; похожий; как
likely,вероятный; возможно
limit,ограничение; предел
limitation,ограничение; лимит
line,линия; очередь; строка
link,ссылка; связь; соединять
lip,губа
liquid,жидкость; жидкий
list,список; перечислять
listen,слушать
listener,слушатель
literally,буквально
literary,литературный
literature,литература
little,маленький; немного
live,жить; живой
load,груз; загружать
loan,заём; ссуда
local,местный; локальный
locate,располагать; находить
location,место; расположение
lock,замок; запирать
log,бревно; журнал; регистрировать
logic,логика
long,длинный; долго
look,смотреть; взгляд
loose,свободный; рыхлый
lose,терять; проигрывать
loss,потеря; убыток
lot,много; участок
loud,громкий
love,любовь; любить
lovely,прекрасный; милый
lover,любовник; возлюбленный
low,низкий; слабый
luck,удача; везение
lucky,удачливый; счастливый
lunch,обед
luxury,роскошь; люкс
machine,машина; механизм
mad,злой; сумасшедший
magazine,журнал
magic,магия; волшебство
mail,почта; отправлять по почте
main,главный; основной
mainly,в основном; главным образом
maintain,поддерживать; сохранять
maintenance,обслуживание; поддержание
major,главный; основной; майор
majority,большинство
make,делать; создавать
maker,создатель; производитель
male,мужской; самец
man,мужчина; человек
manage,управлять; справляться
management,управление; руководство
manager,менеджер; управляющий
manner,манера; способ
manufacture,производить; изготовлять
manufacturer,производитель
many,много; многие
map,карта
march,марш; маршировать
margin,край; запас; маржа
mark,отметка; знак; отмечать
market,рынок; маркет
marriage,брак; свадьба
marry,жениться; выходить замуж
mass,масса; масса (толпа)
massive,массивный; огромный; крупный
master,мастер; хозяин; овладевать
match,спичка; матч; подходить
mate,товарищ; партнер; друг
material,материал; вещество
mathematics,математика
matter,вещь; дело; иметь значение
mature,зрелый; взрослый
maximum,максимум; максимальный
may,мочь; май
maybe,возможно; может быть
mayor,мэр
meal,еда; прием пищи
mean,значить; иметь в виду; подлый
meanwhile,тем временем; между тем
measure,измерять; мера
measurement,измерение; размер
meat,мясо
mechanism,механизм; устройство
medical,медицинский
medicine,медицина; лекарство
medium,средний; средство
meet,встречать; знакомиться
member,член (организации)
membership,членство
memory,память
mental,умственный; психический
mention,упоминать
menu,меню
mere,простой; всего лишь
merely,просто; лишь
mess,беспорядок; путаница
message,сообщение; послание
metal,металл
meter,метр; счетчик
method,метод; способ
middle,середина; средний
might,мочь; сила
mile,миля
military,военный
milk,молоко; доить
mind,ум; разум; возражать
mine,мой; шахта
minimum,минимум; минимальный
minister,министр; священник
minor,несовершеннолетний; незначительный
minority,меньшинство
minute,минута; крошечный
mirror,зеркало
miss,пропускать; скучать; мисс
mission,миссия; задание
mistake,ошибка
mix,смешивать
mixture,смесь
mobile,мобильный; подвижный
mode,режим; способ
model,модель; образец
moderate,умеренный; сдержанный
modern,современный
modify,изменять
module,модуль
mom,мама
moment,момент
money,деньги
monitor,монитор; контролировать
month,месяц
monthly,ежемесячный
mood,настроение
moon,луна
moral,моральный; нравственный
more,больше
moreover,более того
morning,утро
mortgage,ипотека
most,большинство; самый
mostly,в основном
mother,мать
motion,движение; жест
motivate,мотивировать
motivation,мотивация
motor,мотор; двигатель
mount,устанавливать; гора
mountain,гора
mouse,мышь
mouth,рот
move,двигаться; переезжать
movement,движение
movie,фильм
much,много
multiple,множественный; многочисленный
murder,убийство; убивать
muscle,мышца
museum,музей
music,музыка
musical,музыкальный; мюзикл
musician,музыкант
must,должен; необходимость
mutual,взаимный
myself,сам; себя; себе
mystery,тайна; загадка; мистерия
name,имя; название; называть
narrative,рассказ; повествование; рассказанный
narrow,узкий; тесный; ограниченный
nation,нация; народ; государство
national,национальный; государственный; народный
native,родной; местный; коренной
natural,естественный; природный; натуральный
naturally,естественно; разумеется; конечно
nature,природа; сущность; характер
near,близко; около; рядом
nearby,поблизости; рядом; недалеко
nearly,почти; приблизительно; около
necessarily,необходимо; обязательно; неизбежно
necessary,необходимый; нужный; обязательный
neck,шея; горлышко; воротник
need,нуждаться; необходимость; нужда
negative,отрицательный; негативный; отрицание
neglect,пренебрегать; игнорировать; запущенность
negotiate,вести переговоры; договариваться; согласовывать
negotiation,переговоры; обсуждение; согласование
neighbor,сосед; соседний; соседка
neighborhood,окрестности; район; соседство
neither,ни один; ни тот; ни тот ни другой
nerve,нерв; смелость; мужество
nervous,нервный; взволнованный; тревожный
net,сеть; чистый (после вычета); сетка
network,сеть; система; сеть связи
never,никогда; ни разу; вовсе не
nevertheless,тем не менее; однако; всё же
new,новый; свежий; недавний
newly,недавно; недавно; заново
news,новости; известия; сведения
newspaper,газета; издание; печатное издание
next,следующий; ближайший; следующий по порядку
nice,приятный; хороший; милый
night,ночь; вечер; темнота
no,нет; никакой; не
nobody,никто; никто из людей; никто вообще
noise,шум; звук; гул
none,никто; ничто; ни один
nor,ни; также не; и не
normal,нормальный; обычный; стандартный
normally,обычно; как правило; в норме
north,север; северный; на север
northern,северный; северянин; северный регион
nose,нос; нюх; носик
not,не; нет; отрицание
note,заметка; записка; заметить
nothing,ничего; ничто; пусто
notice,замечать; уведомление; объявление
notion,понятие; идея; представление
noun,существительное; имя существительное
novel,роман; новый; новелла
now,сейчас; теперь; в данный момент
nowadays,в наши дни; в настоящее время; сегодня
nowhere,никуда; нигде; никуда не
nuclear,ядерный; атомный; ядерная энергия
number,число; номер; количество
numerous,многочисленный; многочисленное количество; многочисленные
nurse,медсестра; ухаживать; сиделка
object,объект; предмет; возражать
objective,цель; объективный; задача
obligation,обязанность; обязательство; долг
observation,наблюдение; замечание; осмотр
observe,наблюдать; замечать; соблюдать
obvious,очевидный; явный; понятный
obviously,очевидно; явно; разумеется
occasion,случай; повод; событие
occasionally,иногда; время от времени; порой
occupy,занимать; оккупировать; занимать место
occur,происходить; случаться; возникать
ocean,океан; море; большой водоем
odd,странный; нечетный; необычный
of,из; от; о
off,выключенный; прочь; с
offense,правонарушение; оскорбление; нападение
offer,предлагать; предложение; оферта
office,офис; кабинет; служба
officer,офицер; сотрудник; должностное лицо
official,официальный; должностное лицо; чиновник
often,часто; нередко; зачастую
oil,масло; нефть; смазка
okay,хорошо; ладно; нормально
old,старый; пожилой; давний
on,на; включено; по
once,однажды; когда-то; один раз
one,один; единица; кто-то
online,онлайн; в сети; подключенный
only,только; единственный; лишь
onto,на; на поверхность; к
open,открытый; открывать; свободный
opera,опера; оперный театр; оперное искусство
operate,работать; оперировать; действовать
operation,операция; работа; действие
operator,оператор; работник; машинист
opinion,мнение; взгляд; точка зрения
opponent,противник; оппонент; соперник
opportunity,возможность; шанс; удобный случай
oppose,противостоять; возражать; сопротивляться
opposite,противоположный; напротив; обратный
opposition,оппозиция; противодействие; сопротивление
option,вариант; выбор; опция
or,или
orange,апельсин; оранжевый
order,порядок; заказ; приказ
ordinary,обычный; простой; заурядный
organic,органический; биологический
organization,организация; учреждение; объединение
organize,организовывать; устраивать; проводить
origin,происхождение; источник; начало
original,оригинальный; первоначальный; подлинный
originally,первоначально; изначально
other,другой; иной
otherwise,иначе; в противном случае; по-другому
ought,должен; следует
ourselves,сами; себя
out,вне; наружу; законченный
outcome,результат; исход; последствие
outline,контур; план; набросок
output,выход; продукция; выпуск
outside,снаружи; вне; наружный
over,над; через; свыше
overall,в целом; общий; полный
overcome,преодолевать; побеждать
overseas,за границей; зарубежный
owe,быть должным; задолжать
own,собственный; владеть
owner,владелец; хозяин
ownership,собственность; владение
pace,темп; скорость; шаг
pack,упаковывать; пакет; пачка
package,пакет; упаковка; посылка
page,страница; лист
pain,боль; страдание
paint,красить; краска; рисовать
pair,пара; двойка
pale,бледный; светлый
panel,панель; комиссия; группа
panic,паника; страх
paper,бумага; статья; документ
paragraph,абзац; параграф
parallel,параллельный; аналогичный
parent,родитель; мать или отец
park,парк; парковать
part,часть; роль; деталь
participant,участник; участница
participate,участвовать; принимать участие
participation,участие; участие в чем-либо
particular,особый; конкретный; определённый
particularly,особенно; в частности
partly,частично; отчасти
partner,партнёр; компаньон
partnership,партнёрство; сотрудничество
party,вечеринка; партия; группа
pass,проходить; сдавать; проход
passage,проход; отрывок; пассаж
passenger,пассажир
passion,страсть; увлечение
past,прошлое; мимо; прошлый
path,путь; тропа
patient,пациент; терпеливый
pattern,узор; образец; шаблон
pause,пауза; остановка
pay,платить; оплата
payment,платёж; выплата
peace,мир; покой
peak,пик; вершина
peer,ровесник; сверстник
pen,ручка; загон; перо
penalty,штраф; наказание
pension,пенсия
people,люди; народ
per,за; на
perceive,воспринимать; ощущать
percent,процент
percentage,процентное соотношение; доля
perception,восприятие; понимание
perfect,идеальный; совершенный
perfectly,совершенно; идеально
perform,выполнять; выступать
performance,выступление; производительность
perhaps,возможно; может быть
period,период; срок
permanent,постоянный; неизменный
permission,разрешение; согласие
permit,разрешать; позволять
person,человек; личность
personal,личный; персональный
personality,личность; характер
personally,лично; лично для меня
personnel,персонал; сотрудники
perspective,перспектива; точка зрения
persuade,убеждать; склонять
phase,фаза; этап
phenomenon,явление; феномен
philosophy,философия
phone,телефон; звонить
photo,фото; фотография
photograph,фотография; снимок
phrase,фраза; выражение
physical,физический; телесный
piano,пианино; рояль
pick,выбирать; собирать; выбирать
picture,картина; изображение; фото
piece,кусок; часть
pig,свинья
pile,куча; стопка
pilot,пилот; летчик
pink,розовый
pipe,труба; трубка
pitch,подача; поле; тон
place,место; помещать
plain,равнина; простой; ясный
plan,план; планировать
plane,самолет; плоскость
planet,планета
plant,растение; завод
plastic,пластик; пластмасса
plate,тарелка; пластина
platform,платформа; помост
play,играть; спектакль
player,игрок; исполнитель
pleasant,приятный; милый
please,пожалуйста; угождать
pleasure,удовольствие; радость
plenty,много; изобилие
plot,сюжет; участок; заговор
plus,плюс; положительный
pocket,карман
poem,стихотворение
poet,поэт
poetry,поэзия
point,точка; смысл; указывать
police,полиция
policy,политика; стратегия
political,политический
politician,политик
politics,политика
poll,опрос; голосование
pollution,загрязнение
pool,бассейн; лужа
poor,бедный; плохой
pop,поп; популярный
popular,популярный
population,население
port,порт; гавань
portion,часть; порция
portrait,портрет
pose,поза; позировать
position,положение; позиция
positive,положительный; уверенный
possess,обладать; владеть
possession,владение; имущество
possibility,возможность
possible,возможный
possibly,возможно
post,почта; должность; размещать
pot,горшок; кастрюля
potato,картофель
potential,потенциал; потенциальный
potentially,потенциально
pound,фунт; бить
pour,лить; наливать
poverty,бедность
power,сила; власть
powerful,мощный; сильный
practical,практический
practice,практика; тренироваться
praise,хвала; хвалить
pray,молиться
precise,точный
precisely,ровно; точно
predict,предсказывать
prefer,предпочитать
preference,предпочтение
pregnancy,беременность
pregnant,беременная
premise,предпосылка; помещение
preparation,подготовка
prepare,готовить
presence,присутствие
present,настоящий; подарок; присутствовать
presentation,презентация; представление
preserve,сохранять; консервировать
president,президент
presidential,президентский
press,пресса; нажимать
pressure,давление; давление
presumably,вероятно
pretend,притворяться
pretty,симпатичный; довольно
prevent,предотвращать
previous,предыдущий
previously,ранее
price,цена
pride,гордость
primarily,в первую очередь
primary,основной; первичный
prime,первичный; главный; основной
principal,директор; главный; основной
principle,принцип; правило
print,печать; печатать
printer,принтер; печатник
prior,предварительный; предыдущий; до
priority,приоритет; первоочередность
prison,тюрьма; заключение
prisoner,заключённый; пленник
private,частный; личный; приватный
privilege,привилегия; льгота
prize,приз; награда
pro,профессионал; за (в поддержку)
probability,вероятность; возможность
probably,вероятно; возможно
problem,проблема; задача
procedure,процедура; порядок
proceed,продолжать; приступать
process,процесс; обработка
produce,производить; продукция
producer,производитель; продюсер
product,продукт; изделие
production,производство; выпуск
profession,профессия; специальность
professional,профессионал; профессиональный
professor,профессор; преподаватель
profile,профиль; характеристика
profit,прибыль; выгода
program,программа; план
progress,прогресс; развитие
project,проект; план
promise,обещание; обещать
promote,продвигать; способствовать
promotion,повышение; продвижение
prompt,быстрый; подсказка; побуждать
proof,доказательство; проверка
proper,правильный; подходящий
properly,правильно; должным образом
property,собственность; имущество
proportion,пропорция; соотношение
proposal,предложение; план
propose,предлагать; делать предложение
prospect,перспектива; шанс
protect,защищать; охранять
protection,защита; охрана
protein,белок; протеин
protest,протест; протестовать
proud,гордый; довольный
prove,доказывать; подтверждать
provide,обеспечивать; предоставлять
province,провинция; область
provision,положение; снабжение
psychological,психологический
pub,паб; бар
public,общественный; публичный
publication,публикация; издание
publisher,издатель; издательство
pull,тянуть; тяга
pump,насос; качать
pupil,ученик; зрачок
purchase,покупка; покупать
pure,чистый; настоящий
purpose,цель; намерение
pursue,преследовать; добиваться
push,толкать; нажимать
put,класть; ставить
qualification,квалификация; диплом
qualify,квалифицироваться; соответствовать
quality,качество; свойство
quantity,количество; объём
quarter,четверть; район
question,вопрос; сомнение
quick,быстрый; скорый
quickly,быстро; скоро
quiet,тихий; спокойный
quietly,тихо; спокойно
quite,довольно; вполне
quote,цитата; цитировать
race,гонка; раса
racial,расовый
radical,радикальный; коренной
radio,радио; радиоприёмник
rail,рельс; ограда
rain,дождь; идти (о дожде)
raise,поднимать; повышать
random,случайный; произвольный
range,диапазон; ряд
rank,ранг; звание
rapid,быстрый; стремительный
rapidly,быстро; стремительно
rare,редкий; необычный
rarely,редко; изредка
rat,крыса; доносчик
rate,ставка; оценка
rather,скорее; довольно
ratio,соотношение; пропорция
raw,сырой; необработанный
reach,достигать; добираться
react,реагировать; отвечать
reaction,реакция; ответ
read,читать; прочитывать
reader,читатель; ридер
ready,готовый; подготовленный
real,реальный; настоящий
reality,реальность; действительность
realize,осознавать; понимать
really,действительно; на самом деле
rear,задний; тыловой
reason,причина; повод; рассудок
reasonable,разумный; приемлемый
reasonably,разумно; достаточно
recall,вспоминать; отзывать
receive,получать; принимать
recent,недавний; последний
recently,недавно; в последнее время
reckon,считать; полагать
recognition,признание; узнавание
recognize,узнавать; признавать
recommend,рекомендовать; советовать
recommendation,рекомендация; совет
record,запись; рекорд; регистрировать
recover,восстанавливаться; выздоравливать
recovery,восстановление; выздоровление
recruit,набирать; вербовать; новобранец
red,красный
reduce,уменьшать; сокращать
reduction,сокращение; уменьшение
refer,ссылаться; обращаться
reference,ссылка; рекомендация
reflect,отражать; размышлять
reflection,отражение; размышление
reform,реформа; реформировать
refugee,беженец
refuse,отказываться; отказывать
regard,считать; уважение
regardless,несмотря на; независимо от
region,регион; область
regional,региональный; областной
register,регистрировать; регистр
registration,регистрация
regret,сожалеть; сожаление
regular,регулярный; обычный
regularly,регулярно; постоянно
regulate,регулировать; управлять
regulation,регулирование; правило
reject,отклонять; отвергать
relate,относиться; связывать
relation,отношение; связь
relationship,отношения; связь
relative,относительный; родственник
relatively,относительно; сравнительно
relax,расслабляться; отдыхать
release,выпускать; освобождать
relevant,соответствующий; уместный
reliable,надежный; достоверный
relief,облегчение; помощь
religion,религия
religious,религиозный
rely,полагаться; зависеть
remain,оставаться; сохраняться
remark,замечание; замечать
remarkable,замечательный; выдающийся
remember,помнить; вспоминать
remind,напоминать
remote,удаленный; далекий
remove,удалять; снимать
rent,арендовать; аренда
repair,ремонтировать; ремонт
repeat,повторять; повтор
replace,заменять; заменять
reply,отвечать; ответ
report,отчет; доклад; сообщать
reporter,репортер; корреспондент
represent,представлять; изображать
representation,представление; изображение
representative,представитель; типичный
reputation,репутация; слава
request,запрос; просьба; запрашивать
require,требовать; нуждаться
requirement,требование; условие
rescue,спасать; спасение
research,исследование; исследовать
researcher,исследователь
reserve,резервировать; запас
resident,житель; резидент
resign,увольняться; уходить в отставку
resist,сопротивляться; противостоять
resistance,сопротивление; противодействие
resolution,решение; разрешение
resolve,решать; разрешать
resort,курорт; прибегать
resource,ресурс; средство
respect,уважение; уважать
respectively,соответственно
respond,отвечать; реагировать
response,ответ; реакция
responsibility,ответственность; обязанность
responsible,ответственный; ответственный за
rest,отдыхать; остальное
restaurant,ресторан
restore,восстанавливать; возвращать
restrict,ограничивать; сдерживать
restriction,ограничение; запрет
result,результат; следствие
retail,розничная торговля; розница
retain,сохранять; удерживать
retire,уходить на пенсию; выходить в отставку
retirement,выход на пенсию; пенсия
return,возвращать(ся); возвращение
reveal,раскрывать; показывать
revenue,доход; выручка
reverse,обратный; менять(на обратный)
review,обзор; пересматривать
revise,пересматривать; исправлять
revolution,революция; переворот
reward,награда; вознаграждение
rice,рис
rich,богатый; насыщенный
rid,избавлять(ся)
ride,ездить верхом; поездка
right,право; правильный; справа
ring,кольцо; звонить
rise,подниматься; рост
risk,риск; опасность
rival,соперник; конкурент
river,река
road,дорога; путь
rock,камень; скала
role,роль
roll,катить(ся); рулон
romantic,романтический
roof,крыша
room,комната; место
root,корень; источник
rose,роза
rough,грубый; неровный
roughly,примерно; грубо
round,круглый; вокруг
route,маршрут; путь
routine,рутина; обычный
row,ряд; грести
royal,королевский
ruin,разрушать; руины
rule,правило; управлять
run,бежать; управлять
rural,сельский; деревенский
rush,спешить; торопиться
sad,грустный; печальный
safe,безопасный; сейф
safety,безопасность; охрана
sail,парус; плыть под парусом
sake,ради; польза
salary,зарплата; оклад
sale,продажа; распродажа
salt,соль
same,тот же; одинаковый
sample,образец; проба
sanction,санкция; разрешение
sand,песок
satisfaction,удовлетворение; довольство
satisfy,удовлетворять; соответствовать
save,сохранять; спасать
say,говорить; сказать
scale,масштаб; шкала
scan,сканировать; просматривать
scare,пугать; страх
scene,сцена; место действия
schedule,расписание; график
scheme,схема; план
scholar,учёный; стипендиат
school,школа
science,наука
scientific,научный
scientist,учёный
scope,область; масштаб
score,счёт; балл
scream,кричать; крик
screen,экран; показывать
sea,море
seal,печать; тюлень
search,искать; поиск
season,сезон; время года
seat,место; сиденье
second,второй; секунда
secondary,вторичный; средний
secondly,во-вторых
secret,секрет; тайна
secretary,секретарь
section,раздел; секция
sector,сектор; область
secure,обеспечивать; безопасный
security,безопасность; охрана
see,видеть; понимать
seed,семя; зерно
seek,искать; стремиться
seem,казаться; выглядеть
segment,сегмент; часть
select,выбирать; отбирать
selection,выбор; подбор
self,сам; себя
sell,продавать; торговать
send,отправлять; посылать
senior,старший; пожилой
sense,чувство; смысл; ощущение
sensitive,чувствительный; деликатный
sentence,предложение; приговор
separate,отдельный; разделять
sequence,последовательность; порядок
series,серия; цикл
serious,серьёзный; важный
seriously,серьёзно; всерьёз
servant,слуга; работник
serve,служить; подавать
server,сервер; официант
service,обслуживание; служба
session,сессия; заседание
set,набор; комплект; устанавливать
settle,урегулировать; поселяться
settlement,поселение; урегулирование
several,несколько; некоторые
severe,серьёзный; строгий
sex,пол; секс
sexual,сексуальный; половой
shade,тень; оттенок
shadow,тень; силуэт
shake,трясти; встряхивать
shall,должен; следует
shape,форма; образ
share,делиться; доля
shareholder,акционер; держатель акций
sharp,острый; резкий
she,она
sheep,овца; овцы
sheet,лист; простыня
shelf,полка
shell,ракушка; снаряд
shelter,убежище; приют
shift,смена; сдвигать
shine,светить; блестеть
ship,корабль; судно
shirt,рубашка
shock,шок; потрясение
shoe,ботинок; обувь
shoot,стрелять; снимать (видео)
shop,магазин; покупать
shore,берег; побережье
short,короткий; низкий
shot,выстрел; кадр
should,следует; должен
shoulder,плечо
shout,кричать; крик
show,показывать; шоу
shower,душ; ливень
shut,закрывать; закрытый
sick,больной; плохо себя чувствующий
side,сторона; бок
sigh,вздыхать; вздох
sight,зрение; вид
sign,знак; подписывать
signal,сигнал; сигнализировать
significance,значение; важность
significant,значительный; важный
significantly,значительно; существенно
silence,тишина; молчание
silent,тихий; молчаливый
silly,глупый; смешной
silver,серебро; серебряный
similar,похожий; аналогичный
similarly,аналогично; так же
simple,простой; лёгкий
simply,просто; лишь
since,с тех пор как; поскольку
sing,петь
singer,певец; певица
single,одинокий; один
sink,тонуть; раковина
sir,сэр; господин
sister,сестра
sit,сидеть
site,место; сайт
situate,располагать; размещать
situation,ситуация; положение
size,размер
ski,кататься на лыжах; лыжа
skill,навык; умение
skin,кожа; шкура
skirt,юбка
sky,небо
slave,раб
sleep,спать; сон
slice,кусок; ломтик
slide,скользить; слайд
slight,незначительный; лёгкий
slightly,слегка; немного
slip,скользить; поскользнуться
slope,склон; наклон
slow,медленный
slowly,медленно
small,маленький; небольшой
smart,умный; аккуратный; сообразительный
smell,запах; нюхать
smile,улыбка; улыбаться
smoke,дым; курить
smooth,гладкий; ровный
snap,щелчок; ломать; резко говорить
snow,снег; идти (о снеге)
so,так; поэтому; настолько
social,социальный; общественный
society,общество; сообщество
soft,мягкий; нежный
software,программное обеспечение; софт
soil,почва; земля
solar,солнечный
soldier,солдат
solid,твердый; сплошной
solution,решение; раствор
solve,решать; разрешать
some,некоторый; немного
somebody,кто-то; кто-нибудь
somehow,как-то; каким-то образом
someone,кто-то; кто-нибудь
something,что-то; кое-что
sometimes,иногда
somewhat,в некоторой степени; немного
somewhere,где-то; куда-то
son,сын
song,песня
soon,скоро; вскоре
sorry,извините; жаль
sort,вид; сорт; сортировать
soul,душа
sound,звук; звучать
source,источник
south,юг; южный
southern,южный
space,пространство; космос
spare,запасной; лишний; жалеть
speak,говорить; выступать
speaker,говорящий; динамик; оратор
special,особенный; специальный
specialist,специалист
specialize,специализироваться
species,вид; разновидность
specific,конкретный; специфический
specifically,конкретно; специально
specify,уточнять; указывать
speech,речь; выступление
speed,скорость; спешить
spell,произносить по буквам; писать по буквам
spend,тратить; проводить (время)
spin,крутить; вращаться
spirit,дух; настроение
split,раскалывать; разделять
sponsor,спонсор; спонсировать
sport,спорт
spot,место; пятно; замечать
spread,распространять; распространяться
spring,весна; прыгать
square,площадь; квадратный
stability,стабильность
stable,стабильный; стойло
staff,персонал; штат
stage,этап; сцена
stain,пятно; пачкать
stair,ступенька; лестница
stake,кол; ставка; доля
stamp,марка; штамп; топать
stand,стоять; стенд
standard,стандарт; стандартный
star,звезда
stare,пристально смотреть
start,начинать; старт
state,государство; состояние; заявлять
statement,заявление; утверждение
station,станция; вокзал
statistic,статистика
status,статус; положение
stay,оставаться; проживать
steady,устойчивый; постоянный
steal,красть
steel,сталь
stem,стебель; происходить
step,шаг; ступенька; шагать
stick,палка; приклеивать; придерживаться
still,все еще; тихий
stimulate,стимулировать; побуждать
stir,мешать; шевелить
stock,запас; акция
stomach,живот; желудок
stone,камень
stop,останавливаться; остановка
storage,хранение; склад
store,магазин; хранить
storm,буря; штурмовать
story,история; рассказ; этаж
straight,прямой; прямо
strain,напряжение; нагрузка; напрягать
strange,странный; незнакомый
stranger,незнакомец
strategy,стратегия
stream,ручей; поток; поток данных
street,улица; дорога
strength,сила; прочность; мощь
strengthen,усиливать; укреплять
stress,стресс; ударение; напряжение
stretch,тянуться; растягивать; протяжение
strict,строгий; точный
strike,бить; ударять; забастовка
string,строка; верёвка; нитка
strip,полоса; раздевать; снимать
stroke,удар; инсульт; поглаживание
strong,сильный; крепкий; мощный
strongly,сильно; решительно
structural,структурный; строительный
structure,структура; строение
struggle,борьба; бороться; усилие
student,студент; учащийся
studio,студия; мастерская
study,учёба; изучать; исследование
stuff,вещи; материал; хлам
stupid,глупый; тупой
style,стиль; манера
subject,тема; предмет; подчинённый
submit,представлять; подчиняться; сдавать
subsequent,последующий; следующий
subsequently,впоследствии; затем
substance,вещество; суть
substantial,существенный; значительный; прочный
substitute,заменять; замена
succeed,преуспевать; добиваться успеха
success,успех; достижение
successful,успешный; удачный
successfully,успешно; удачно
such,такой; подобный
sudden,внезапный; неожиданный
suddenly,внезапно; вдруг
suffer,страдать; терпеть
sufficient,достаточный; достаток
sugar,сахар
suggest,предлагать; намекать
suggestion,предложение; совет
suit,костюм; подходить
suitable,подходящий; пригодный
sum,сумма; итог
summarize,резюмировать; подводить итог
summary,резюме; краткое изложение
summer,лето
sun,солнце
supplement,дополнение; добавлять
supplier,поставщик
supply,поставка; снабжать
support,поддержка; поддерживать
supporter,сторонник; болельщик
suppose,предполагать; думать
sure,уверенный; конечно
surely,конечно; безусловно
surface,поверхность; внешний вид
surgery,хирургия; операция
surprise,сюрприз; удивлять
surprisingly,удивительно; неожиданно
surround,окружать; обступать
survey,опрос; обследование
survival,выживание; сохранение
survive,выживать; переживать
suspect,подозревать; подозреваемый
suspend,приостанавливать; подвешивать
sustain,поддерживать; сохранять
swear,клясться; ругаться
sweep,мести; быстро двигаться
sweet,сладкий; милый
swim,плавать
swing,качаться; качели
switch,переключатель; переключать
symbol,символ; знак
symptom,симптом; признак
system,система; устройство
table,стол; таблица
tackle,решать; биться; снаряжение
tail,хвост; следовать
take,брать; принимать
tale,рассказ; история
talent,талант; дарование
talk,разговор; говорить
tall,высокий
tank,танк; резервуар
tap,кран; постукивать
tape,лента; записывать
target,цель; мишень
task,задача; задание
taste,вкус; пробовать
tax,налог
taxi,такси
tea,чай
teach,учить; преподавать
teacher,учитель; преподаватель
team,команда; коллектив
tear,слеза; рвать
technical,технический
technique,техника; метод
technology,технология; техника
teenager,подросток; тинейджер
telephone,телефон; звонить
television,телевидение; телевизор
tell,говорить; рассказывать; сказать
temperature,температура
temporary,временный
tend,иметь склонность; заботиться
tendency,тенденция; склонность
tender,нежный; мягкий; чувствительный
tennis,теннис
tension,напряжение; напряжённость
tent,палатка
term,срок; термин; семестр
terrible,ужасный; страшный
territory,территория
terrorist,террорист
test,тест; проверка; экзамен
text,текст; сообщение
than,чем
thank,благодарить
that,тот; что
the,(артикль)
theater,театр
theme,тема
themselves,сами; себя
then,тогда; затем
theoretical,теоретический
theory,теория
therapy,терапия; лечение
there,там; туда
therefore,следовательно; поэтому
they,они
thick,толстый; густой
thin,тонкий; худой
thing,вещь; предмет
think,думать; считать
thirst,жажда
this,этот; это
though,хотя; однако
threat,угроза
threaten,угрожать
throat,горло
through,через; сквозь
throughout,по всему; повсюду
throw,бросать
thus,таким образом; следовательно
ticket,билет
tie,галстук; связывать; ничья
tight,тугой; плотный
till,до; пока
time,время
tiny,крошечный; очень маленький
tip,кончик; совет; чаевые
tire,шина; уставать
tissue,ткань; салфетка
title,название; заголовок; титул
to,к; до; чтобы
today,сегодня
together,вместе
tomorrow,завтра
tone,тон; оттенок
tongue,язык
tonight,сегодня вечером
too,тоже; слишком
tool,инструмент; орудие
tooth,зуб
top,верх; вершина
topic,тема
total,всего; полный
totally,полностью; совершенно
touch,касаться; прикосновение
tough,жёсткий; трудный
tour,тур; экскурсия
tourism,туризм
tourist,турист
tournament,турнир
toward,по направлению к; к
tower,башня
town,городок; город
toy,игрушка
trace,след; отслеживать
track,дорожка; трек; следить
trade,торговля; обмен
tradition,традиция
traditional,традиционный
traffic,движение; трафик
trail,тропа; след
train,поезд; тренировать
transfer,переводить; переносить
transform,преобразовывать
transition,переход
translate,переводить
transport,транспорт; перевозить
transportation,транспортировка; перевозка
trap,ловушка; захватывать
travel,путешествовать
treat,лечить; обращаться; угощать
treatment,лечение; обращение
tree,дерево
trend,тенденция; тренд
trial,судебное разбирательство; испытание; пробный
trick,трюк; обман; хитрость
trigger,спусковой крючок; вызывать; запускать
trip,поездка; спотыкаться; путешествие
troop,войска; отряд; группа
trouble,проблема; неприятность; беспокойство
truck,грузовик; фургон
true,правдивый; верный; настоящий
truly,действительно; по-настоящему; искренне
trust,доверять; доверие; вера
truth,правда; истина
try,пытаться; пробовать; стараться
tube,трубка; тюбик; метро (брит.)
tune,мелодия; настраивать; настройка
turn,поворот; очередь; поворачивать
twice,дважды; в два раза
twin,близнец; двойной
twist,крутить; поворот; скручивать
type,тип; вид; печатать
typical,типичный; характерный
typically,обычно; как правило
ugly,уродливый; неприятный
ultimately,в конечном счёте; в итоге
unable,неспособный; не в состоянии
uncertainty,неопределённость; сомнение
uncle,дядя
unclear,неясный; непонятный
under,под; ниже; в процессе
undergo,претерпевать; проходить (процедуру)
underlie,лежать в основе; быть причиной
understand,понимать; осознавать
undertake,предпринимать; брать на себя
unemployment,безработица
unfortunately,к сожалению
uniform,форма; одинаковый; единообразный
union,союз; объединение
unique,уникальный; единственный
unit,единица; блок; подразделение
unite,объединять; соединять
universal,универсальный; всеобщий
universe,вселенная; мир
university,университет
unknown,неизвестный; незнакомый
unless,если не; пока не
unlike,в отличие от; не похожий
unlikely,маловероятный; вряд ли
until,до тех пор пока; пока не
unusual,необычный; редкий
up,вверх; выше; подняться
update,обновлять; обновление
upon,на; после; при
upper,верхний; высший
upset,расстроенный; огорчать; расстройство
urban,городской
urge,побуждать; настоятельно рекомендовать; порыв
use,использовать; употребление
useful,полезный
user,пользователь
usual,обычный; привычный
usually,обычно; как правило
valley,долина
valuable,ценный; полезный
value,ценность; значение; оценивать
van,фургон; микроавтобус
variable,переменный; изменчивый; переменная
variation,вариация; изменение
variety,разнообразие; множество
various,различный; разнообразный
vary,различаться; изменяться
vast,обширный; огромный
vegetable,овощ; растение
vehicle,транспортное средство; машина
venture,предприятие; рискованное дело; рисковать
verb,глагол
version,версия; вариант
versus,против; в сравнении с
very,очень; самый; именно
vessel,сосуд; корабль
veteran,ветеран; опытный
via,через; посредством
vice,порок; заместитель
victim,жертва
victory,победа
video,видео; видеозапись
view,вид; взгляд; рассматривать
village,деревня
violence,насилие
violent,жестокий; сильный
virtually,практически; фактически
virus,вирус
visible,видимый; заметный
vision,зрение; видение
visit,посещать; визит
visitor,посетитель
visual,визуальный; зрительный
vital,жизненно важный; существенный
voice,голос; выражать
volume,объём; том; громкость
voluntary,добровольный
volunteer,волонтёр; доброволец; предлагать помощь
vote,голосовать; голос
voter,избиратель
wage,зарплата; заработная плата
wait,ждать; ожидать
wake,просыпаться; будить
walk,ходить; гулять
wall,стена
wander,бродить; блуждать
want,хотеть; желать
war,война
warm,тёплый; согревать
warn,предупреждать; предупреждение
wash,мыть; стирать
waste,тратить впустую; отходы
watch,смотреть; часы
water,вода; поливать
wave,волна; махать
way,путь; способ
we,мы
weak,слабый
weakness,слабость; недостаток
wealth,богатство
wealthy,богатый
weapon,оружие
wear,носить (одежду); изнашивать
weather,погода
web,сеть; паутина
website,вебсайт; сайт
wed,жениться; выходить замуж
week,неделя
weekend,выходные
weekly,еженедельный
weigh,весить; взвешивать
weight,вес
weird,странный; необычный
welcome,добро пожаловать; приветствовать
welfare,благосостояние; социальная помощь
well,хорошо; колодец
west,запад
western,западный
wet,мокрый; влажный
what,что
whatever,что бы ни; всё; что
wheel,колесо
when,когда
whenever,всякий раз; когда
where,где
whereas,в то время как; тогда как
wherever,где бы ни
whether,ли; будь то
which,который
while,пока; в то время как
whilst,пока; в то время как
whisper,шептать; шёпот
white,белый
who,кто
whole,целый; весь
why,почему
wide,широкий
widely,широко
wife,жена
wild,дикий
will,воля; буду (вспомогательный глагол)
win,выигрывать; побеждать
wind,ветер; заводить (часы)
window,окно
wine,вино
wing,крыло
winner,победитель
winter,зима
wipe,вытирать; стирать
wire,провод; проволока
wise,мудрый
wish,желать; желание
with,с; вместе с
withdraw,снимать (деньги); уходить
within,в пределах; внутри
without,без
witness,свидетель; быть свидетелем
woman,женщина
wonder,удивляться; чудо
wonderful,замечательный; чудесный
wood,дерево; лес
wooden,деревянный
word,слово
work,работать; работа
worker,работник; рабочий
world,мир
worry,волноваться; беспокоиться
worth,стоимость; заслуживающий
would,бы (вспомогательный глагол)
wound,рана; ранить
wrap,заворачивать; обёртывать
write,писать
writer,писатель
wrong,неправильный; ошибка
yard,двор; участок
yeah,да (разговорное)
year,год
yellow,жёлтый
yes,да; конечно; согласен
yesterday,вчера
yet,еще; уже; однако
yield,уступать; приносить (урожай; прибыль); поддаваться
you,ты; вы
young,молодой; юный
yourself,себя; сам; себе
youth,молодость; юность; молодой человек
zone,зона; район; область
